X1,X2,X3,Target
3.745401188473625,3.702658576772393,7.851170512077179,55.30314207580625
9.50714306409916,10.838018947567162,7.409363972159994,84.25082860742327
7.319939418114051,17.458916717528165,27.1876374156311,179.1850252673394
5.986584841970366,14.644497728191224,7.486385995485183,79.02242829445247
1.5601864044243652,16.131222957228996,8.15849178385893,90.20772874290343
1.5599452033620265,13.175667334214348,22.78194787253891,135.08093655569203
0.5808361216819946,13.84553129035705,13.4921952735162,94.82066151226893
8.661761457749352,16.983913031306386,23.301316708655435,162.19747118075085
6.011150117432088,4.993360177183719,1.9609847269315572,25.965143509649963
7.080725777960454,9.78849927286281,14.62713581020153,104.07875667271881
0.20584494295802447,4.4241888363920445,1.008408005498479,12.57103087617574
9.699098521619943,19.75336015993294,1.8795961036606357,79.41331050846357
8.324426408004218,18.881186793732265,27.193123600332328,174.45311166744509
2.1233911067827616,0.788536227370118,4.177361133527855,28.885277304736924
1.8182496720710062,14.11150345031377,15.972620468256514,106.71517459964542
1.8340450985343382,18.504966348313317,12.332868078021196,116.18310010367591
3.0424224295953772,3.6115069025466706,10.42029978776528,55.9215574026304
5.247564316322379,11.358904611052589,26.995000370618175,144.0150541603105
4.319450186421157,18.309765951760838,0.654701903264685,60.604383641440265
2.9122914019804194,0.6789195717159768,19.913690585267673,93.69516196021416
6.118528947223795,13.948405344936798,28.901833026406514,168.9101151452007
1.3949386065204183,5.946980147451015,16.805045503855258,85.1095631883619
2.9214464853521815,18.487923907530607,28.104673860992754,174.52545126653115
3.663618432936917,19.421164903307357,1.567736378580713,74.37059077095647
4.56069984217036,18.885329782268677,12.563799572224841,121.61958139955843
7.851759613930136,9.484284333149276,7.804733728861535,82.61780329221887
1.9967378215835974,17.240853019786268,21.924628949421894,141.61570727126815
5.142344384136116,16.890987970701406,29.4389127149174,172.08306510963587
5.924145688620425,6.382009464865113,7.6959018733274345,59.71060145952955
0.46450412719997725,16.57830948301355,19.625238044222233,130.46629141324397
6.075448519014383,0.7401526943098524,5.942928982792203,33.32427642107409
1.7052412368729153,11.92539756964106,16.959907637148298,102.24055115678698
0.6505159298527952,4.6001767457540605,13.917974600650085,72.49239990731755
9.488855372533333,2.411337715545576,29.16015988894611,142.6091016896356
9.656320330745594,1.5390640325841831,18.255818180893996,97.11709045987766
8.08397348116461,13.925775517562794,10.485191162604563,96.0935614919355
3.0461376917337066,6.797499275361323,3.422873546638001,39.02426382507455
0.9767211400638387,14.49533543057523,4.537404862048037,58.96790229870399
6.842330265121569,1.3071268159788474,6.759507898537053,49.09506462795182
4.4015249373960135,6.305806756612206,7.5289998402089395,63.01271617908317
1.2203823484477883,10.789825847506744,25.518481735234133,127.65322986916186
4.951769101112702,15.814463296779271,16.83668364847575,120.04610838550416
0.34388521115218396,6.375050058641398,15.701727341230994,75.13718368770215
9.093204020787821,12.517827528740181,3.443066156076524,66.26203558006779
2.587799816000169,17.71955496472374,25.80419080048305,161.13383787915194
6.62522284353982,12.31726376364609,21.68442909625451,129.69172726454332
3.1171107608941098,4.659189495072676,2.0300508570000475,23.722694369379873
5.200680211778108,0.4880156311307604,21.23505291689306,91.78583212411324
5.4671027934327965,17.401977478018598,16.30614652027938,129.40106074903363
1.8485445552552704,0.42538821700774276,2.4517603724033474,15.127016936328411
9.695846277645586,17.49403345368399,13.749019245859694,123.26118213309564
7.7513282336111455,10.57874268054424,14.540888613901409,106.28654332515764
9.394989415641891,18.781353970257925,4.973236204898273,92.2935851387143
8.948273504276488,15.975664715473307,28.37094441000847,177.9490432433765
5.978999788110851,19.95868221066675,25.499261144419858,182.19835123739406
9.218742350231167,7.014236309034203,20.07067011987325,126.46517936600968
0.884925020519195,15.343765778622538,13.868866830018217,96.77870851234088
1.959828624191452,8.038618272184843,12.352966247535255,81.59603914447432
0.45227288910538066,9.597512406078177,19.529204014528624,111.87088182701774
3.2533033076326436,12.550109264367402,16.362956082207162,103.86744229343304
3.8867728968948203,17.473542283726776,1.8681931764565685,71.76083356957054
2.713490317738959,19.681669383985902,15.375079463109952,133.66196623193818
8.287375091519294,15.365468277290365,24.192108516985186,153.82686505162837
3.567533266935893,8.355335643346676,13.777196327908742,82.72234467047547
2.8093450968738076,8.427140045541403,1.5586973266280524,42.22320697110155
5.426960831582485,14.75164603177783,23.588345981520995,150.81972023871066
1.4092422497476265,4.775542915366047,6.040913464079232,44.066148478107934
8.021969807540398,2.209482262627893,7.758625046641163,55.40983267153161
0.7455064367977082,7.09244315281553,4.941190602968877,44.48658434855824
9.868869366005173,5.744779833081635,9.906451946144927,69.96552537427954
7.722447692966574,5.926162409119802,22.70254517065905,129.270151829036
1.987156815341724,4.672155020998199,15.58157578511812,86.1650317962894
0.05522117123602399,0.8418637927272377,6.1464382245213764,26.074832898399126
8.154614284548341,0.3574786946682762,26.334902344561225,122.5038892822771
7.068573438476172,19.75444779472063,26.387455648545874,171.29477534251913
7.2900716804098735,8.555462674717248,26.117352751380206,147.2872161705815
7.712703466859457,7.686532943193633,7.163886341446179,70.00083833765525
0.7404465173409036,13.592945653861397,13.537180325429643,96.09749621298802
3.5846572854427263,4.365077757301283,29.54968968422625,144.08507337904683
1.1586905952512971,18.99922367900451,23.16037428929971,150.28616322981526
8.631034258755935,15.726900288311041,0.8150226367667945,70.52588955898017
6.232981268275579,1.7882200462451903,1.9561377378147615,20.5568519330852
3.308980248526492,8.351615515698567,13.917941304369982,87.22681150725742
0.6355835028602363,17.582366151243292,27.276606175846805,162.25291887332338
3.109823217156622,18.894640445828205,16.161053938581425,128.67432313632827
3.2518332202674705,9.348030224997395,14.934375241028707,92.43762343547516
7.29606178338064,12.268227784214154,3.1642109986989175,63.39628793584107
6.3755747135521315,3.3406789218415045,19.70340314172882,105.71703461675159
8.872127425763265,19.823372522739533,24.663094818006766,173.6829305055811
4.722149251619493,4.6334340276688675,11.41260022522687,60.96211598345968
1.195942459383017,18.854635482702513,23.268355527759823,160.77713299893998
7.13244787222995,12.99293297984737,28.934299617024347,175.8881635455518
7.607850486168974,12.154735897577183,6.112993773830673,69.6705702848641
5.612771975694963,10.253770220330171,15.699888935842239,108.23494938197537
7.70967179954561,4.613396234355173,8.614138742537266,61.20121341954909
4.937955963643907,3.5305606401101652,23.78563257101518,116.92756020833434
5.227328293819941,4.409724181403507,17.327800976434727,94.46615368265678
4.275410183585496,3.7287652428850904,19.037472526509113,94.71496720028111
0.2541912674409519,15.591689471335066,23.93742478847682,139.11432177486242
1.0789142699330445,7.002505183334602,11.879114179873646,67.22909554778317
0.3142918568673425,1.1568535312679273,27.452702052211297,109.32899293897744
6.364104112637804,19.382052602816227,15.9908660173842,130.67871906210885
3.143559810763267,17.675717699268514,4.73864468506044,77.93296000932706
5.085706911647028,18.55504566390426,20.876973545064075,145.76564504970938
9.07566473926093,19.898156452928706,23.797840513147634,176.44742121846164
2.4929222914887497,3.477904984389746,9.5028503120258,60.86719156092957
4.103829230356297,7.924840378053175,25.71537770996259,131.94342422787227
7.555511385430487,15.164769514081826,27.184297642972993,170.53954438767528
2.2879816549162246,13.920412361075844,8.307134621334267,82.06416442991171
0.7697990982879299,3.077918126797101,29.505644181456663,131.15594065739018
2.8975145291376805,16.316662499812356,4.221345841462752,72.01017626314388
1.6122128725400442,4.488811436733213,6.060470052074699,44.64615235537713
9.29697652342573,4.476352296452461,5.526745177140784,56.54123540817527
8.08120379564417,10.739488457868271,26.819691300236112,149.4713260542011
6.334037565104235,11.858798696834063,19.628776569748855,131.10535782165243
8.714605901877178,11.601724156756223,4.563128496668186,74.92335244702947
8.036720768991145,1.8297367479550974,13.20970255105047,70.58503146515656
1.8657005888603584,17.54921725260761,18.458940752094062,130.40450512115783
8.925589984899778,5.312000851774121,2.5039225496814987,47.219517687903256
5.393422419156507,2.5902984256560835,26.47249105222016,123.4011352262651
8.074401551640625,17.774961597379544,24.108106063246055,171.27100238723418
8.960912999234932,19.113029964595068,15.156203207299146,147.70509119454846
3.1800347497186388,17.24255234530901,29.013798457775113,170.21299020328988
1.1005192452767676,16.19032149449756,12.532829378252991,93.99809747128931
2.279351625419417,13.104839612780435,29.523309571094934,163.48555335158426
4.271077886262563,11.017147412182787,20.03759996410881,125.35181039113945
8.18014765922493,1.7397351982282028,19.040138197618244,96.5857218343836
8.607305832563434,8.169064261413974,4.9786468588735495,68.90269520146816
0.06952130531190703,7.45377034024628,26.45783274913932,121.6386556293037
5.107473025775658,5.195075675206525,12.824690637618454,80.56352874280276
4.17411003148779,14.468402273771698,4.867002173474381,68.19213147439372
2.2210781047073027,9.917514701575417,0.3782255992727712,44.304492242268424
1.198653673336828,1.6209243181529587,16.792670509151478,84.39333910357904
3.3761517140362796,4.403664038996227,15.82198866368029,79.41796726086567
9.429097039125192,13.665175273191918,21.580608671074756,143.42836890258224
3.2320293202075523,1.5226171898060037,26.707741590534063,122.16081600686837
5.187906217433661,17.024138280975375,2.3821975392908854,69.04136418600942
7.030189588951778,9.902930540279486,21.94489471021087,131.3216935499243
3.63629602379294,9.61173154653296,5.622358322927466,58.72416208160668
9.717820827209607,11.848155693190352,25.74531159471492,148.36298933186168
9.624472949421111,16.493619318502983,24.571905415849685,166.94823678727874
2.5178229582536416,6.956184158043861,16.22381264956633,87.35081011858333
4.972485058923855,13.560323051181271,21.307283958699344,133.38946099419005
3.0087830981676964,11.314639279915822,9.430503395512451,84.90165763547674
2.848404943774676,5.3405654033884264,14.135036967984439,71.97611949825611
0.36886947354532795,17.57259972710316,24.64910693131415,156.11799178739662
6.095643339798968,15.948520432138562,13.777955915196417,113.75385698514025
5.026790232288615,13.16903669316851,10.733947959763254,91.0976815406566
0.5147875124998935,17.011634581884838,14.826373417508997,115.32183192094885
2.7864646423661146,17.34588401919605,24.84747757311655,158.700748107631
9.082658859666537,14.167259534300696,10.056241421126181,103.74512699283753
2.395618906669724,16.74026656727344,5.212847794072314,80.70435199411334
1.448948720912231,13.949429233385672,21.360420609923423,128.53132566575854
4.89452760277563,13.602815435206008,24.779346381242455,146.65370336360033
9.856504541106007,12.372227564303685,3.019124355706,63.48043656515808
2.4205527151150044,15.054332791152824,7.196223382678342,74.66194468450706
6.721355474058786,3.172102105861474,4.259159692829817,54.74112816356489
7.616196153287175,17.61741518397857,10.438242347465,116.061005152054
2.3763754399239967,17.43687055490464,13.510529367162379,104.35010818217133
7.282163486118596,0.5849456606911829,22.464790108899194,99.56603460618966
3.677831327192532,16.516335011295254,19.534427546450225,137.45170818266416
6.3230583059357945,2.577397349468904,18.627857024352934,97.62606074457986
6.335297107608947,6.702377085182838,10.571248398289633,77.80713824051175
5.357746840747585,14.870165125832155,25.243426592542797,155.02491646139433
0.902897700544083,3.215197920966164,14.138615021944936,67.37857795175191
8.35302495589238,16.359340482381242,29.373148140454635,184.9160615415438
3.2078006497173583,16.64268355915484,19.024264148872106,132.87017360385434
1.8651851039985423,10.149354675216724,3.7879422469350823,38.23370135764992
0.40775141554763916,0.1277174343366716,20.28532686226302,81.1909644302814
5.908929431882418,5.740762663498256,9.75312046295097,63.795596534761906
6.775643618422825,12.338538367514843,20.589815900582924,133.80222303626445
0.16587828927856152,19.62372356054847,2.0892344448721722,82.48616005270829
5.12093058299281,12.636270540333367,5.246443115278781,70.97385357547236
2.2649577519793795,5.196071621283195,25.67211776717359,121.23895300564071
6.451727904094499,12.680114061992228,6.815386710705447,82.81435234687373
1.7436642900499144,10.799707594317109,25.1112337572882,138.74482582825004
6.90937738102466,15.596907903022872,8.378282653632313,96.2230815379064
3.867353463005374,2.139612776539168,19.286457301761228,94.33362742875153
9.367299887367345,15.22055805004056,20.82451720529493,157.97706057018382
1.3752094414599325,10.825331573522206,15.379642594351587,91.09054180426327
3.410663510502585,19.25984007717989,9.159320300901939,103.60628884020988
1.1347352124058907,6.837443320773722,6.379331291132884,43.66721990175679
9.246936182785628,12.652437862678962,0.9956806368727866,63.21147173281052
8.77339353380981,18.64056211020035,9.118392037221714,105.34860898967705
2.579416277151556,2.050194559813585,19.59488371593849,87.60211702947241
6.59984046034179,18.744569744729024,28.14914455345448,180.55451879749904
8.172222002012159,13.757714446016267,26.136134467891562,167.04120881036292
5.5520081159946235,1.356741182103438,22.98194329605908,111.69428518224795
5.296505783560065,6.019271338936325,23.65342029759896,117.03591989209302
2.418522909004517,14.163441772905632,19.94954710427986,127.40023010884461
0.9310276780589921,1.347012029375434,7.80860572698009,33.58961507841878
8.972157579533267,11.643409203525465,27.215850921174894,155.44542190096584
9.004180571633304,6.917661139059135,20.121969357175022,118.16413673702225
6.33101457273268,12.418310355349542,16.8132189294132,115.6274219868877
3.390297910487007,0.914840676250257,3.3296840764044324,34.97743658707012
3.492095746126609,17.430736123047524,13.411666314192763,115.08786424497033
7.259556788702394,19.469779383547937,13.81074813605779,121.28335676850857
8.971102599525771,19.37755710571383,25.9369082856801,176.9986396380587
8.870864242651173,14.993036634858495,16.399446605633653,133.42554128955945
7.798755458576238,2.6017248026126394,11.41201646911229,79.49296506578918
6.420316461542877,15.165263918580452,29.30400985531978,167.62254753891645
0.8413996499504883,0.4917383291760302,3.32161779978947,7.044863560891724
1.6162871409461377,0.4424710305799451,12.676452849358338,64.62062464792437
8.985541885270793,6.4722043829908245,1.2607402551421587,44.378728826937206
6.0642905965958995,9.772863808093316,22.19712362300791,125.89420345012157
0.09197051616629648,15.408148356155865,27.542296565974517,159.25071779531044
1.014715428660321,13.665907532130104,8.401119886514683,63.4528943046853
6.635017691080558,8.918054127534967,25.750250303973626,143.04207651364632
0.05061583846218687,5.472533325633318,8.766546913856933,53.224125173467485
1.6080805141749865,19.942490003154223,27.323104849317456,176.95740113277162
5.487337893665861,8.523626044719459,22.61885710790352,121.95150259164149
6.918951976926932,9.02774048659351,24.14720330524316,137.93837444162384
6.519612595026006,3.2724764238333837,0.540196668013635,20.390318003308764
2.242693094605598,15.896190974998587,28.884310712220778,168.98812074146167
7.121792213475358,13.873644515629772,21.800129762109698,138.5883054104637
2.3724908749680007,4.415392255775208,9.142532861584,52.52078576779652
3.2539969815926773,1.647620912316854,24.881839945765407,105.99913950924639
7.464914051180242,13.609986041494261,8.445635952447898,92.79801124575314
6.496328990472147,13.090224285622705,26.18261518698384,161.2860471690311
8.49223410494178,5.465190539964187,3.3774117123581107,45.716583829421495
6.576128923003433,19.017271245008207,21.110579323823874,154.83757885112712
5.683086033354716,3.0211578356180047,16.22095429934731,78.07050569778497
0.9367476782809248,8.646696020852039,2.896034105863224,37.89933660253693
3.6771580305943354,18.872318403351976,7.2568148477651695,92.74750757709654
2.6520236768172545,8.394546338522446,0.3721210883194437,45.0801361776295
2.4398964337908358,12.77051895328171,14.063038963935174,93.88367045429669
9.730105547524456,7.9518879592558855,9.037957822800012,86.7885924577788
3.930977246667604,5.484304046973401,17.950724528932763,101.1020586173155
8.920465551771134,19.679552959196563,8.917134231258515,113.9513089286167
6.311386259972629,8.18668012630086,8.99757334520954,81.96620870066168
7.948113035416484,17.88198407358269,22.2957959619481,160.58588950240775
5.026370931051921,4.599092117821724,1.4442850793506035,31.57295451131107
5.769038846263591,4.262094080501666,27.086849855759617,132.40615609198292
4.925176938188639,0.6226816576902272,25.567916231735445,120.10790818848288
1.952429877980445,13.033336507517701,20.034140496792194,128.62377743473718
7.224521152615053,7.370526874475223,17.796647103221527,104.61882490406083
2.807723624408558,17.28716499679274,26.769074944189565,157.95700604295976
0.2431596643145384,9.464198133831143,5.559905385861433,50.103632086589954
6.454722959071678,19.363868558294435,2.3690748657248584,76.47715823393786
1.7711067940704894,3.710510314062423,7.185305097286143,43.097342046396044
9.404585843529143,17.372463359112217,23.83734836100571,172.46314588183847
9.539285770025874,15.531937055834835,1.0401080017944997,67.5483064393003
9.148643902204485,15.41843689288104,17.484205052504688,134.27530178651296
3.7015870025544437,16.895664562337753,29.8631254857393,177.8327833091213
0.15456616528867428,15.220479818859978,25.670882815126184,152.89625745868847
9.283185625877254,12.524406432628307,15.643370671307684,107.47862656494713
4.281841483173143,2.6248975536477515,1.9092272785992703,21.04178326786014
9.666548190436696,0.6505235898250383,24.941205431571294,122.10590733803105
9.636199770892528,18.416956956313737,17.969355245316315,152.40108617412582
8.530094554673601,12.333006290414762,3.4479899117870048,65.39165539020848
2.944488920695857,15.930745819523526,2.815718544700686,55.56132594855566
3.8509772860192526,9.630447030251002,27.28880458309777,148.84707122501328
8.511366715168569,2.3461637792478895,20.076007888142353,101.18844437652207
3.1692200515627764,2.5037158440510088,24.878603979502667,107.41567025783745
1.6949274668609249,13.711305744579427,26.36936700846802,146.87951325276612
5.568012624583502,8.606117897989254,17.153170561449667,104.64443440065418
9.36154774160781,4.010494534006734,15.523390552651238,89.8244179731497
6.96029796674973,9.831890934828738,12.912822309629705,84.03972769100916
5.700611700893649,1.2841787415026817,9.508397633733578,57.77268114566532
0.9717649377076854,11.639428038287976,13.037878825761354,95.38770449971832
6.150072266991698,5.379868088701953,23.216389671904693,124.56291744440557
9.900538501042632,15.951182012743763,18.057702930453946,134.19700641000824
1.4008401523652403,6.207239178471475,26.77569869864538,127.51873496498885
5.183296523637368,9.104402981636024,13.301400431375631,90.85279714153805
8.773730719279554,0.2324107981620127,18.212687361562622,94.08941522710519
7.407686177542044,1.4489377558911776,18.93922659275966,98.26079443738666
6.97015740995268,7.849871128133696,17.750914869189767,104.82271868717304
7.024840839871093,9.59877669434247,21.07901319256549,127.57204231509935
3.5949115121975517,12.000410962386074,7.123004051244188,73.96947413960629
2.9359184426449336,5.833251574186065,15.370913326373719,92.13435652407678
8.093611554785136,13.899637722530851,3.12674408425043,73.91564531328815
8.101133946791808,17.20244794378409,11.535339829344377,117.89625447919097
8.670723185801037,15.597019777866997,14.630012058637933,123.0716870794016
9.132405525564714,0.7923765069671429,19.566727786364176,105.96114744350507
5.113423988609378,9.610138945156578,28.515931577586105,155.16980510283042
5.015162946871996,2.0986035683634974,18.019531996450677,84.09882503376934
7.9829517896677515,4.840900317250549,22.307817485296795,126.73672432290029
6.4996393077776515,19.73325186534293,15.187981784856083,136.44047771370356
7.019668772577034,2.8499108580302646,19.02312094128994,96.4663337787622
7.95792669436101,9.977763069027121,2.1279664840132027,51.963543694859986
8.900053418175663,12.363114686362382,7.631747425255409,86.89931832216392
3.379951568515358,14.049299410882078,10.855592796154161,94.64609653063152
3.75582952639944,11.192973669738283,14.174800650195408,98.77624399095139
0.93981939840869,0.19541694838367318,1.369462365071512,9.500282469468871
5.78280140996174,6.529226164879837,4.20072292659953,56.455959893843016
0.35942273796742086,10.354232867694229,8.304429233739173,70.35697677514865
4.655980181324601,1.757329982896667,29.14598072703152,132.12105117579043
5.426446347075766,7.012538624183615,9.940410213091523,76.35870232290588
2.865412521282844,0.6640621758273313,14.461231743362475,60.40531902585988
5.9083326056901075,1.5715699431004149,5.882931382151789,42.05273581902266
0.3050024993904943,7.938465524031921,18.32340213227305,106.76554184863451
0.37348188749214417,2.654315080861207,8.420496465479228,41.30166540252296
8.226005606596583,11.350816965231163,6.209777353152804,71.10540187840245
3.601906414112629,13.789299382745314,15.497178853379372,107.29998194701338
1.2706051265188478,16.011733982181656,0.16517397481262464,45.78894291212123
5.222432600548044,4.003004884896201,0.22992097947675982,19.449754233053216
7.699935530986108,3.349651645181395,6.572064273055734,49.88454259678919
2.1582102749684315,2.091356806688005,1.1016408750246343,7.969219374206205
6.228904758190002,12.728604990872734,3.2407726239207415,63.68480665442919
0.85347464993768,14.129514529738023,10.165819480162547,89.27015667867285
0.516817211686077,0.6317228965128407,24.077570387394385,94.7003037617536
5.31354631568148,18.724244924873798,17.161459301079024,143.04208422850928
5.406351216101065,1.0394256730294482,15.380031778692492,78.00506700869842
6.374299014982066,10.82592670602141,8.804664696243648,85.59793986112324
7.260913337226615,14.181210389018329,27.952611582984492,165.58673140418549
9.758520794625346,17.41938247492171,11.91045123711575,123.6896200978119
5.163003483011953,14.281738642648556,2.6127830038731448,58.16268540748558
3.2295647294124596,16.034561661395838,18.511995483534037,133.0620338813311
7.9518619476870365,6.789003850856121,3.415151804298042,50.790539364102266
2.708322512620742,16.296502274930244,10.356694284050763,98.49918508615919
4.389714207056361,1.6022969276935028,15.222358161534267,68.59777881520604
0.7845638134226596,17.896333121210553,26.226675740555272,155.68948074131507
0.2535074341545751,10.951847523074726,14.80639741020356,95.57428816961449
9.626484146779251,16.345955399249874,21.06776298094993,147.82014639398682
8.359801205122059,9.046365690366002,29.78450516997211,165.3127516217262
6.95974206093698,12.871553903930499,3.944673596939449,61.477151189122026
4.089529444142698,10.528053218722263,8.241945765585585,76.97187267012788
1.7329432007084578,14.631790435106637,11.837282267929393,88.54777020461185
1.5643704267108605,1.6325996406117915,12.654845356164941,61.40742088831447
2.502428981645953,1.207041679811276,12.330632257966373,61.07666670282123
5.4922666470612045,4.942064680202929,27.228330076696647,131.24018854936992
7.145959227000623,3.190893602263767,21.420979334005693,112.45864943223896
6.601973767177313,17.435671331844034,18.237156422721114,139.76179853743898
2.7993389694594284,4.384279747160886,9.281181535883462,53.18203404297168
9.54865280663194,19.517305116382627,24.71371152663884,171.46129364858606
7.378969166957685,6.737915835422137,28.651815344549668,139.76581876001757
5.543540525114007,3.6423583137739857,24.635948476506798,122.30620013407562
6.117207462343522,15.793970142849583,0.046953155744187125,51.98012411940227
4.196000624277899,13.174155510017522,19.09204110550221,124.75935319782376
2.4773098950115746,9.96391432906278,1.5340614432630217,39.665367469852335
3.559726786512616,11.107271018752625,7.728216610011655,74.74984694652069
7.578461104643691,14.384035565445277,1.7857410104331506,63.9417654499065
0.14393488629755868,4.5690948266259745,18.11386358848163,84.80336967466411
1.1607264050691624,19.926678321134837,20.597697404778202,148.15163091409713
0.4600264202175275,19.495863242935663,3.4346291419771537,74.82144928257125
0.40728802318970136,13.006513726938739,11.515166491349385,87.47556297850706
8.554605840110073,3.9908490185829026,13.68709526866626,86.17647775967653
7.036578593800237,13.604564848625827,11.071590652827497,91.4953537287524
4.741738290873252,1.4439681795835169,3.630750014555791,32.12232457865513
0.9783416065100148,0.6130500441161213,12.568433705624262,57.131912137933455
4.916158751168323,5.153657770224274,22.535341434252544,110.35124090713715
4.734717707805657,9.252459134786326,2.130229935997664,44.52733019558995
1.7320186991001518,17.36545010816761,2.4054004224571033,64.9854529743934
4.33851649237973,14.543381395326161,10.643138755079526,94.20724826904738
3.9850473439737346,14.85413042399962,28.25177134856775,167.20887118706003
6.158500980522165,8.509866688961507,20.05717940168742,125.23215354383446
6.350936508676438,6.918699850939259,20.360098700176945,120.30720100924258
0.4530400977204452,7.4207752596920535,10.857599725135948,60.037708907903806
3.746126146264712,19.752991274721158,17.809823736256153,141.10087101324777
6.258599157142363,0.8021838282496496,0.30393552083230135,22.78415848003993
5.031362585800877,17.340629922448972,19.082881392286268,140.35018311153976
8.564898411883222,11.573508171447868,27.3986084272871,166.8996571731883
6.58693631618945,8.77230838379181,18.377204050344574,123.06096621363645
1.629344270814297,14.50515320830273,26.21095780399035,156.7365271130331
0.7056874740042984,9.733378828494057,21.719191663982816,118.73482106763068
6.424192782063156,17.46846476163321,3.6167524921107077,84.94623218789255
0.26511310541621813,18.01403728022517,27.07359921857525,163.5911740912934
5.8577558127346325,8.434418537469108,1.9933153306732465,45.11154377699435
9.402302414249576,5.536555944701032,16.019024176432914,97.73329818976524
5.75474177875879,11.847006571867244,4.26411371380373,71.92402492249478
3.881699262065219,18.24726691233382,0.35119832192712197,59.81784921913038
6.432882184423532,4.213243780113332,12.661027803829171,83.81144554789432
4.582528904915167,12.459331671269656,8.851221229624688,84.44725836083991
5.45616789315935,12.631204401850411,14.580014813928091,100.12947737357258
9.41464808776525,14.66226044830562,17.315996602036524,133.91831039355057
3.8610263780077423,2.631353702545196,1.3121721692684207,10.364670002466637
9.611905638239142,14.31649929364177,3.690098853712369,80.06124465640826
9.053506419560637,18.18065041331282,16.75927189351276,144.11220906805573
1.9579113478929644,3.5936621774048394,10.295020595179746,52.91511183045917
0.6936130087516545,4.750866498477553,21.87520462648344,103.75838249864765
1.0077800137742665,19.427901880832792,19.56874945775819,148.3450506698311
0.18221825651549728,3.6195390541897954,25.368130889697206,110.16684371307952
0.944429607559284,17.087701867391583,20.77478480007676,130.95656608231735
6.830067734163569,9.845557128960696,12.897932321704443,102.19685315433999
0.7118864846022899,4.944621488063541,20.188998671832973,106.82656807338107
3.189756302937613,17.414998025450227,8.261435227662556,91.68872595211538
8.448753109694545,8.90610510005331,9.18940496334638,85.43075654997632
0.23271935735825866,10.296347078593804,23.6695547976238,132.74007871864754
8.144684825889358,7.184667387995313,13.392585492047465,87.70129262126258
2.8185477477339993,11.859017028698549,23.951410215550574,134.5932582669266
1.1816482762165625,3.2704774517004553,24.672671210048353,117.01978631350157
6.967371653641506,7.821630733035214,25.726870129838513,148.73218741928525
6.28942846779884,19.38824644670575,27.49905707523622,183.5542288775316
8.77472013527053,5.162668654022551,12.929556615398887,80.356600926694
7.350710438038858,13.134733290825844,9.566004549634165,102.30494450558912
8.034809303848485,6.503801284493898,17.465962397823414,102.7900175634125
2.820345725713065,15.469462513732013,11.135172703128827,94.91408089928022
1.7743954377972282,2.6174732143669965,18.03222500400699,85.24179970717151
7.506147516408584,19.396420901570895,21.16757587931474,165.6426633583627
8.06834739267264,9.075790827672785,20.652150554764106,130.2425493701812
9.905051420006734,4.721009266929279,11.236586610603641,80.99380458502542
4.126176769114265,1.4699349466002531,5.005806050962585,35.00182523247016
3.720180857927832,3.395158101750815,12.915880153866226,69.50692997979034
7.764129607419968,10.395478971120353,4.277824322457262,66.61669099062257
3.4080354025301784,6.7400635286257256,26.70291105551425,121.20010522452303
9.307573256035647,16.57766731765219,10.376323822135722,108.37040645822177
8.584127518430119,8.617750473236118,4.6337924166997135,62.76328579795134
4.289940273750183,4.974285451752598,0.7634327971725263,20.801397673350728
7.508710677914974,12.342899732080602,19.374671588594527,131.47642349550765
7.545428740846823,14.135544337708916,19.1070695236423,132.90341248445898
1.031238688359326,3.340838158018997,10.21812499743875,61.734870332108095
9.025529066795666,3.3523843257663533,2.15135666542953,44.57873639868279
5.052523724478571,0.7334285386708594,12.28886684685696,59.13177260680675
8.264574661077416,14.72804030131281,9.336524851901807,97.30518107586701
3.2004960103061175,13.276090552436102,20.313619192050282,127.11400261807971
8.955232284962005,9.492617514996278,18.173377483580712,116.82352966843759
3.892016787341631,16.883408979383944,10.9378118459262,103.16063281668052
0.1083765148029836,16.113403059001065,6.536776627649703,70.91265837277003
9.053819764192637,11.707087287935042,29.641078984667757,166.1401406561738
0.9128667678613356,17.365425610265174,13.620048635883446,111.51576102955332
3.1931363759041487,4.1168242007353655,20.64822707340711,104.47730156875188
9.50061967050805,2.2383923879545575,4.216589027350823,38.561193815983096
9.506071469375561,5.394992230339792,14.567690989781934,97.94466074271124
5.734378881232861,1.141737121786297,0.8261015960839646,15.040486866333815
6.318372121697992,10.62339056002064,15.163653537313499,106.42735626290182
4.4844552197831975,18.732113845899228,28.920522213531072,184.94906089445064
2.9321077169806453,0.7868708133701929,11.526201389574007,54.16157060884933
3.2866454536991596,2.442198280200536,1.1698803772473476,20.85311181769499
6.725184560770384,9.043980565668706,0.9286737275803059,41.714857509430246
7.5237452943768,18.6775003505581,11.639602798406084,116.65606991691175
7.915790437258485,6.32312209953501,4.800748093895821,52.97464239430358
7.896181427945539,10.144696173767848,0.7005628898455774,45.29581120387574
0.9120610304869037,0.8314571810078419,22.686408418505305,94.18025646243964
4.944203047025814,2.9668640192417772,13.755690266456721,66.06866772328512
0.5755876001664428,19.73260245917694,8.677343159179635,92.60258647887171
5.495288823237355,19.30237392872091,27.00249549049442,175.48330392776677
4.41530501373377,0.09879961868819231,3.4841688060157683,21.78278534511829
8.877041827582998,19.03623570846478,28.677564868659577,188.36556302584475
3.5091501255207866,12.782398756310007,9.419001521320585,82.73268160595327
1.1706701642760586,17.358365890400442,26.652110169260435,163.42208626722552
1.4299168205283586,9.094797112677181,18.088286294383845,106.86995552728627
7.615106317174723,10.311920571585006,24.801220792244624,142.12203138384163
6.182180633162611,9.776931605138405,29.520394896313928,153.76073139005044
1.0112267612279024,13.337285150922087,8.652163134562372,71.43273945225604
0.8410680611499743,2.793025095126258,28.834064562227788,122.96145505061524
7.009691314591199,0.599471797453559,11.68445684707261,60.79601882075097
0.7276300636419353,6.158598831823818,11.56535714210767,62.34250486019872
8.218600592903563,14.093615254732935,10.211613127635172,93.08391613929714
7.062422271564962,4.037069042458967,16.242228220427556,88.9243604148461
0.8134878064189976,13.468648666498346,4.624351295354613,61.43745989432134
0.8483771408519192,19.39824092214541,16.611344560740335,129.31200262027923
9.866395785011754,1.8780143157883677,16.25114437230012,87.5842967410475
3.742707957561203,13.452042364502525,22.8570543781461,137.20477141049722
3.706421470668909,8.875004386091423,25.009498858127568,129.4423599878858
8.127995672575025,17.362845087550106,13.21324050937272,121.04029279341736
9.472485773838587,3.542995788947718,9.069997480544812,61.6118056657455
9.860010638228708,13.85251904452329,7.780046919512834,95.26340515428463
7.533781852589416,16.762305792962206,5.838715101146158,79.7800090289795
3.762595855309158,18.892284389480466,1.7294274659707465,69.3216063806804
0.8350071669866876,13.664960565792917,10.2734393650414,85.26419018747643
7.771469159274368,9.943495280168547,8.107430763923498,78.72231979636089
5.58404249735805,12.356944804024277,28.99252157599222,177.6741740306603
4.242220092469763,17.378099689574363,16.731264787501317,129.29279852650743
9.06354385094736,11.412194932776593,10.418311170915226,89.01664419967535
1.1119748230615134,0.6077411939367372,17.41402802981088,73.2259641117314
4.926251042908591,18.618973910139555,4.175901040370865,73.53179631038705
0.11353644767419069,13.790535020631223,13.321312476066087,94.48092911502259
4.6866064199412625,13.53026771554493,18.787029642631914,120.9468542720412
0.5630327568183735,4.3135030479543435,14.666934953773541,77.31126585039476
1.1881791626807192,13.177709404653143,12.053364019629727,87.37524124486211
1.1752624677710488,7.87728811308317,29.815451666990946,144.66036636377916
6.492103021160636,13.024659540829841,26.40944286446781,154.51816691566003
7.460448792654233,2.1318606061598144,18.702178744783204,104.81945114218738
5.833687650971596,13.156906092060721,17.081320835468482,117.85716308940972
9.621725484745419,19.98827451541333,18.61981439473752,162.85031731207695
3.748705795237041,0.9642407772111206,6.039363234672997,38.61834567139077
2.8571208628186073,19.543483684426345,11.854132297929558,114.17155560731139
8.685991281894603,8.138159214457412,1.1837859867269795,48.365269890656954
2.235958385194526,17.415069006745185,14.2663811246048,115.75163478012506
9.632225394406113,15.64770968116547,16.290737518729895,121.73216701050016
0.12154474689816341,11.340325219733355,6.832492083096287,60.199616514627756
9.69878826707639,14.76898418502653,28.920865414965412,183.61378060501562
0.43159911950576113,17.57031122602696,27.28363832811726,162.4641993121909
8.911431136980712,8.082806433020659,21.664297063677175,121.70252059371424
5.277011090862999,6.540663231264774,16.001598862960876,93.92038507447647
9.929647961193004,13.351867711271694,26.09907478943055,172.83172579520075
0.7379656473539886,16.15691883882517,3.919570314703887,71.85942764767263
5.538542844013207,15.245702695532316,23.71529382824655,151.36534904077942
9.69302535619099,15.95627297717269,3.744624419005449,86.99061370521228
5.230978441701488,8.71166629625866,23.826319876482163,130.06970017626736
6.293986381352625,16.35668432350043,8.273027047540708,86.23077598923578
6.957486889846171,2.404181107412169,26.312717430545668,121.75605688346374
4.545410647677732,10.889781959216991,28.321262814761933,162.85966227459517
6.275580800840634,0.11517320996243141,4.463879082153469,29.382232151035918
5.843143119231002,6.4917165980054055,13.880268151961806,85.46558874345035
9.01158010490989,7.329230697427958,29.42962134488055,156.23014670025145
0.4544638034145787,7.923453832185108,14.502223079194398,92.20886436802711
2.809631895922303,13.909344133797244,25.906425675436353,159.10279347179207
9.504114840765588,7.771162025406914,17.661945663939594,124.06339958075097
8.902637838909163,8.973872452450614,11.259897237588056,88.97125593352213
4.55656752785713,4.75088261748655,8.573506665776106,59.1379320150138
6.201325978015367,7.465035832586802,6.096692732582618,51.60131763701766
2.7738118298113266,4.545392545263029,22.853945741330918,117.98425639132678
1.881211597237613,1.4639184753688728,11.596215204690836,48.70014168300551
4.636984049399821,12.068971867627559,15.338263866022535,107.9178169845856
3.533522280260528,13.364255971100325,14.769764400035458,100.75235743579964
5.836561118508721,12.38980692019229,17.31837087699394,115.17169237187659
0.7773463696498484,9.269880876011447,25.967314368736567,129.0472806870318
9.743948076661665,7.595715603584596,29.42218030750288,156.92438789070954
9.86210744479603,17.266672991436504,12.227526257214508,117.7387253770147
6.981617140197452,10.381635702724362,24.82556766318909,141.66906806669897
5.360963663441204,9.58363755259462,22.93583383964153,135.3828449021339
3.0952761628632777,0.5128413161287138,17.205868543667197,71.02823648346889
8.137950197069486,6.824956552523127,28.681414308357994,152.57913442020967
6.847311725538793,7.603912375717141,6.014235465852083,66.65309820316513
1.626169393448913,7.97645561793801,3.2779263092886426,37.727429055299446
9.109271844938425,11.603447384546646,25.618859008662664,151.91472742442943
8.22537242923169,10.67205093453757,13.174494499012448,100.01225253222462
9.49799913291924,12.158101855868892,25.409065626211813,163.00519238009593
7.2571950838836,15.297665230842565,26.792706155862447,168.54874863851146
6.134151959357899,16.25971477432187,1.8737278085721432,65.88628800293199
4.182430362906189,14.362461524529888,26.503942889581822,159.88740011366951
9.327284833540133,19.110473919098695,13.449571661082665,124.27281731952489
8.660638895004084,0.3646516535272326,15.312974670126966,83.07392898331247
0.45218670106189407,3.915559713670922,18.797775332796306,89.88519041283062
0.26366974497252005,0.1512574995628424,27.791478201902603,110.60798244054956
3.7646336687804958,12.94949428309206,0.5734828328929209,44.478752526172705
8.105533307818328,17.96061097899974,14.305304049534513,122.88071113935663
9.872761293149445,4.8696459315259855,20.63166127291682,119.55519215427367
1.5041689110352818,18.540690895926133,21.681208730946853,151.50014794608168
5.941307153521351,1.205347805791217,20.77597294611324,95.41601077372535
3.8089085663102153,18.688720536110285,4.033053882243656,82.10812778768334
9.699143978146033,7.032453744792688,8.981867651150438,65.98798470226153
8.421189231357086,2.0284165689843303,10.761465762510404,63.05040256642279
8.383287047111379,9.717435183726513,24.13311623038515,142.2960499025884
4.686931597949703,5.135531354410158,8.36279617243659,53.68322486396708
4.148195023376652,5.697458039238457,6.321148916016095,45.99082795458507
2.7340707193070624,6.1457992985257315,28.723440571142884,135.46040383641844
0.5637549665092711,16.060517956653268,0.265898553404067,51.83362165822648
8.647223762550531,10.783225533505089,29.934625670459347,168.44598171542185
8.129010091300776,6.2261539831200725,20.304638965721868,104.96388182822437
9.997176732861305,12.206675666218366,24.854078983473514,145.42719563509644
9.966368370739055,14.323013484463871,8.838581890385795,95.22177886712701
5.5543170560262745,5.452480014670675,0.42945833001179934,31.47234040637953
7.689874151805105,8.27098203050703,22.136085556845902,114.99951240888872
9.44765729882428,2.437721866738951,25.02433791002027,123.80718095718835
8.496473906774115,3.6229869906936063,22.214283958605574,114.08780533746423
2.4734810174319763,13.622357079299656,4.285508619025158,69.8977566399058
4.505441353100935,3.628766953912539,22.60283766770907,108.38342518021145
1.2915941515149498,10.503267673341202,23.06768346322923,128.27867009967508
9.540510272587223,14.180925234448654,19.756215470101647,141.35494382936432
6.0617463445088005,2.1375384618948767,22.983477983867587,99.81718761113657
2.2864280550346274,11.346244392578072,25.377643190331966,143.96319813229002
6.7170068440585675,5.131255674027275,18.40812342712375,103.5372569459754
6.181282404578958,19.258537504751597,2.658141419090372,83.31208619814714
3.5816271803284048,9.670912934398494,14.628834290016325,114.32251885609921
1.1355759219962902,16.119850995503164,2.3294800401481517,49.52806029360173
6.715731955927996,11.004530843125234,12.226290930972926,103.97370341392894
5.2030770090379335,0.8682506570963833,12.213194673768829,60.426447087438554
7.723183917356393,12.663027511880447,1.9802953242072474,62.79327618919817
5.201635011119934,19.02806684413314,10.46461601908438,109.1183734044706
8.5218150031854,12.032236402926625,3.329942963739445,64.33892940311824
5.519068387744856,16.383777188535802,24.247056300276665,154.32852890100997
5.609379715353863,17.684129266968156,28.430640778934123,179.64125402521373
8.76653602658345,4.5615954389786495,2.169494257738158,32.30996691769708
4.034828662123971,4.240896798164533,28.653456218751042,139.15906843135454
1.3401522845064073,12.219619777019835,15.677297980102354,99.96738379605546
0.28782676313338973,8.220569396134094,8.986970338616217,55.53489637393214
7.55137255673619,16.797226057334406,2.3058622582849053,72.46780802863614
6.203095513534647,18.000462467960222,15.018728042112535,132.76823668371298
7.0407976809922355,7.068427586054362,23.83546633472246,127.95206802395629
2.129641615089107,4.737411179489641,21.212594318000946,105.11416213169902
1.3637147558676976,15.610510304877236,1.506780343919213,51.93130042346658
0.14544665667881929,5.496120710962722,2.187055061037105,29.317084940012325
3.5058755880659698,16.45228637027357,12.086198478979114,108.14094289682012
5.899176868546331,8.474765072975256,8.858714821438298,81.90055240825367
3.922440450997323,13.350997985829409,6.971529691681435,74.90617389871254
4.374749220237291,1.9107062766933636,8.430134967261408,51.545431163389836
9.041586944937483,12.47718649353146,24.10448229890654,152.42300026379021
3.4825546702330037,9.035353574744583,27.876841608955615,152.05789540983727
5.139894891598108,11.732169263509482,12.153080835826993,90.49445897898897
7.8365301274114305,3.3602841548972684,27.18333006397491,138.21225953980073
3.9654278232127016,14.737474898883642,9.64487103743646,89.74927801223876
6.220867002278735,17.25594155086457,14.293109590313748,121.06105613286368
8.623637087467452,4.334796001815513,6.780869934479991,57.83390434054327
9.495206236576422,1.9142911104032345,19.214281265275318,102.85161284759721
1.4707348092903794,0.4727717209267279,29.369433455244266,121.25637338672821
9.265876251614944,12.839430008865321,18.10479288130136,130.54277997088394
4.921162930795382,12.141880721775616,10.734422523406465,97.0962484083544
2.5824438829895833,10.9339482542814,19.434523379715852,120.63207447576286
4.591357562382613,4.638941922319509,3.687620353961627,42.19579527005474
9.800325752854771,7.818119918110293,26.65977240796196,147.41640326176892
4.926180939928696,11.889526703723462,15.092518523395091,101.44481194346652
3.287516102875082,9.935337177183388,13.480492261189262,95.07951557324614
6.334008543167258,19.755710404297744,17.575943653605577,146.61915687629903
2.401456187781931,2.7287950511346626,18.743515883682072,95.32671444245105
0.7586332810866392,13.902891080951875,2.153274186795391,48.81913342236432
1.2887972191064923,8.086375362085843,20.47851663670207,107.60304379447706
1.2804583895777244,8.563992298512295,7.257950409465888,49.08727449992871
1.5190269351229435,14.351955313163526,21.418578975197693,129.80588018022286
1.3882717264941014,13.848723026487393,24.676043831525902,148.00974041145125
6.4087474480321465,19.825119874043764,24.118755226575608,166.435398528357
1.8188008439914483,2.5678857890825046,16.575029022236674,80.84377412018122
3.456672833238632,2.0821929876833267,15.605096769322536,74.62779617682833
8.967884099060118,14.486776342574823,4.2862788401823515,80.16149772768192
4.739616402628723,11.567738340128182,23.260384512094067,131.48552892493993
6.675577385210271,5.483213331196117,8.142281413401431,62.79596766578412
1.7231987120162984,1.588387379779732,14.900862684538396,52.85933044702176
1.9228901880867078,1.7131649919286107,8.528222787825502,42.16368571245133
0.40868616266478863,17.883817493282365,4.014850889990794,62.37586214656415
1.6893506307216455,3.837346494374858,18.886730906752096,96.46763695431032
2.7859033903195862,6.467431242310415,1.629961044687115,35.380981450141434
1.7701048427674682,4.53312804453976,22.459357023785998,109.31037682412861
0.8870253375705561,7.099926116638747,9.5276038578335,68.78927559218825
1.206358711006008,1.3884768549218673,0.004040790134559602,1.8497285431916701
4.607787680327258,10.381195818165407,15.333874177116893,110.4314755131961
2.063337184057925,1.352251271844298,1.4055572558280938,18.466615028263043
3.6426986104807546,16.007130156447232,8.285086734626985,87.26435819271641
5.034172708548569,4.6742416382086605,21.209294623671486,114.60634956232379
6.903948286293653,10.800238292090212,1.880688648655976,48.19989848142367
0.39312139841098936,17.601581751229165,25.18015477068007,150.1890363255914
7.994103989090426,13.017547380943883,0.11459767975749324,52.456292223843974
6.279003894909078,10.659155731026706,7.404716076057067,71.50945074680645
0.8175903194887191,6.486675062307512,22.227121684562142,104.72090435034727
8.735786241067773,6.660038261163958,9.488104491879204,81.51952056862086
9.208724005318132,13.389739103963802,3.056771641980406,69.51947988860013
0.6107795985486375,19.88278722442335,10.807017564012837,105.86051596820306
2.7687764814720373,13.236783796987572,8.111798591535766,74.84334188798145
8.062012797930613,11.155668347400498,25.281357064816646,141.6134423945867
7.482596903836583,14.613010204784922,9.400437527554294,97.75626132420223
1.8452101935637732,9.304112245674363,23.667974153280216,116.71337886017263
2.093493233367103,1.2028468520157043,26.75616434432204,114.47701416964213
3.70472102791382,11.245936317558197,13.014522587295886,86.36376616352172
4.845229851910213,19.152505690107603,27.29829431563176,186.27753403282432
6.1825477153029595,3.506058847153193,11.319541618895785,72.71825205852224
3.689136395697724,13.800097816413315,28.922352494703244,164.99674517580576
4.625347161331479,4.0186737731811295,2.678685735767188,38.33999197354844
7.474709381337565,10.716553689461625,20.610577995097284,125.30981192412045
0.366832028905979,1.9335289929343924,14.81442121370786,68.50933278479704
2.5243694434402073,9.007418725163703,11.629464163669411,79.58790388564273
7.133495858845524,15.123266577904921,18.981356362458026,136.88231730790628
8.952068376871994,6.9514304847796415,21.115712749029935,129.5830467047365
5.116774421156661,13.29823448974436,0.13089808950927262,54.31430518348251
5.321134852653157,15.908999215794584,5.008592662415961,79.84725631647903
1.0717201133977605,18.543556389589053,21.39138151902956,135.06519829053946
4.474123668234546,4.692841637109071,19.991562407346194,98.19279040078376
5.326172664550231,7.986318316186162,28.981425153860314,149.92345622512158
2.4247050363472966,3.0483202666083486,22.83113370752349,105.78576757399686
2.6924323094938094,19.849670043167503,28.523181231940143,173.37558105288107
3.7728416310462265,18.540019358485907,21.076215046044208,159.52898489961913
0.20071197777726368,10.799142605611191,8.941566259183295,76.14708708538915
3.220791655831783,16.840665887528424,3.1609476675256944,72.61796324631403
2.1144800699654462,10.419159545440843,23.454715900348067,129.6654866840644
3.2749735217791462,12.471713760055195,19.32447664427748,120.20195005132803
1.1976213181925122,1.7824886423203323,1.4455803717988869,8.76543775043039
8.90527280739895,15.105408409936159,10.80151397702935,106.72022934531809
5.935924535540487,2.5542696727046965,28.703994464528584,135.63939864802316
6.791023191444896,16.521352605050566,15.012034371306036,116.98543880585751
7.891712386073383,15.640561753407718,12.981874080591139,116.30348844095896
4.984421989290572,14.17489395485953,13.730988154778819,106.64118321815126
0.8692028808742369,0.7232076104952423,6.2664817201549115,19.43491768446689
5.371065418185478,6.062567118906572,11.061215125943857,68.8727676429686
5.868411180208791,5.262251398216858,11.094397679615298,69.83313960642113
7.4543947418433,7.202728149430381,1.570650605624172,52.23801464117538
4.316595462296794,1.7528549352767708,23.027028855537548,108.78263677524288
1.2758030279556376,18.739156460621256,12.49513295711637,102.07219942074107
2.8377590579872445,11.076044814247526,24.6653966044927,139.99542042377604
3.630822963986351,6.1104862131604705,25.51044003359686,119.89834475714974
6.459172413316012,7.939630341485668,6.359821640959742,67.58997768436336
5.707783046689119,8.944050810096712,19.720604465103857,114.77451312499441
3.5609672589784624,12.011886667212346,14.16845412488945,99.36323007545592
9.865152487929796,10.313588553929955,26.404702137644552,162.9188624259386
6.057748193568871,18.387839464288348,6.472220375293624,86.73207843825602
2.372267917359945,9.939269658116604,20.334396009301326,108.91433792071004
1.0178247262040374,19.84316029646625,18.232563667581676,131.5773883804035
1.5285913918433203,17.028499154901915,8.859044327154983,94.77075181210891
2.459577283845081,4.170210287146716,4.098027109535178,26.225163489886818
1.6068137325955567,18.611904292878325,19.549192814318296,123.08533361054643
1.8656702405130576,2.327327957709522,22.15792374396992,97.08922503798937
2.850951686938471,16.348994169823833,9.4688203129005,95.38287113450502
1.7337359529475482,7.612465869531602,19.344978120669413,109.6860907458617
8.967654246264251,17.55948640890139,11.853927228345098,115.71366982218608
0.8023374566164221,17.361133802149006,21.39620649847853,137.21576927801397
5.245113895702547,16.118508002352424,5.976458246821593,88.52108845702747
4.103968269896615,15.800608726141228,26.70645007908523,153.08685453608075
9.823786169086064,6.093582781960816,8.622287893967393,70.47486838400911
1.1203890216805235,1.6183856610250436,11.033579632684587,52.182373006799814
3.9785559904574166,8.059603575303228,1.7427585624104935,41.35305056289166
9.69470433275369,3.4704902997301734,3.345366369638292,40.63331157729665
8.655071258939802,13.899021778049235,15.475857081369844,121.08284123603589
8.1707207094928,6.921994530755711,8.027780301839144,56.776909451544356
2.579028270449398,19.512204017198297,25.06440677226583,160.66105361988778
1.7088758739006582,12.81944154690664,0.4408016596486153,45.90682658988804
6.68643219924431,16.449611272687218,11.372821460158086,103.30151388590922
9.293759891275858,2.6504934548369685,10.12036640307278,67.31538686730173
5.567628930139298,17.24028964545245,0.5798289275280311,67.40980501076156
5.7161268946989985,18.455143810267888,3.7310519700153066,80.00914709597406
2.7997909366028417,9.741238376378718,12.409280247559058,85.31273684756093
7.694929331919369,12.125058755019548,14.785937533423398,106.09512223616791
1.8704374855752337,15.29619601805991,12.128692417646073,97.11117629743427
3.2367923640424365,3.496772545208251,15.928130352362814,83.72750462110699
4.254364386164168,10.051321529268849,17.853950247170445,110.86335915365883
5.07610378684455,7.973260555446262,0.2977146338350689,32.330191427548485
2.4240973241508024,2.9274798432449822,13.922854783605116,70.44313533391097
1.1483682473920354,7.350688445830629,28.90497722662765,143.54175969196967
6.1062004244163255,1.3634461877098714,15.57096840388646,68.33690663462072
2.8863055324025577,0.5162381389897397,20.326268023768595,94.4217679016282
5.812382214226123,2.703325783096455,9.355915737506496,55.47713103436224
1.5436271527420231,19.262302231783476,23.219741344582875,155.88057604536712
4.811401018548175,10.99059071790034,23.187644456283454,141.33138663415733
5.325894325515859,19.3164432230644,15.638881429624169,124.29827555256927
0.5182353682242691,8.64995756660264,29.280414698376408,140.56079721762435
3.366042781939206,6.2363226617051915,3.766506442879601,39.06433584113387
1.3441467693897424,10.122837256804882,0.5084299466874298,31.17175749032171
0.6337497047276774,8.790233772658203,23.10474635271288,128.73186901746553
9.899602323899453,2.1132936852348783,24.214666120946475,118.71388971815547
3.2235384497472297,12.816526293804124,3.6062168736172873,56.54378937794165
8.09874445854635,4.320763650191992,7.967484988758182,62.05166498071629
2.5464065476376385,12.39175909795659,0.5265709009988673,38.36362636276007
6.8150272222392925,13.004021847963067,8.799258323416941,85.86074972325422
7.6022785988968655,3.040497062572962,23.194256217560145,118.69033956200408
5.956387406078443,1.2269925422133632,15.538815831377368,76.08471374239389
4.715761885501584,15.615231721368797,10.442867795048642,97.58175582080439
4.118409141472686,9.196008475386403,11.152178847189909,77.78689853562237
3.4886826654299528,1.1632759101095158,0.040608771464044624,3.0572766011407957
9.29529144247826,19.897326343395342,8.994015826957076,115.86659127966703
8.306194077877292,1.1556112199273327,19.393762249137914,106.42893617032445
9.650269106665126,13.900704577171064,29.225833314490714,177.9979933567235
1.2429722348554473,19.67357850526827,25.411824809516986,164.2802998098214
7.308674752036443,4.783602084318512,0.7078489393658738,35.263165290076216
9.383404568210379,2.8449873737439235,26.95681814024518,128.78239133589975
1.8123306616566015,2.427698788448578,23.495952398958778,113.40414057514207
0.664962673667775,6.065502951351911,23.411283707129414,114.18321301202295
7.4112064929005905,2.020916220212934,13.739872770107144,84.00393722231411
5.744731131799119,13.843226833882639,11.940158788635085,97.11461294216654
8.41828776758272,1.2458359626012538,9.087471864995779,66.01428049574145
1.397723766262895,10.188442562995794,1.9708457686309733,45.11993576621098
7.952673118598902,19.933937077059536,6.847060904810974,105.8606015168821
2.0162732004774453,16.279405390120377,7.398109049340738,83.63332104044471
1.636559428657045,12.304388764620217,14.522312091306048,97.0328904260267
1.6426579793099294,6.125072415732234,22.42333219790082,117.3565202897892
8.14574720231382,12.47791672583277,14.214294851938398,111.28422333911978
6.651972206962001,10.540829278233034,1.7353334834148182,42.03241766434661
5.230654247691193,8.521667677807429,28.733694029646117,145.37515533885414
3.5883048412350247,2.6142075348039895,28.281729572823366,127.21692181721174
8.772005408131083,17.732084304809334,23.55568629445225,166.51300382432694
3.924451074226354,8.99569297642645,29.739837046926617,153.51238682093904
8.16599439471577,3.8924502364153013,16.33446998400789,99.44207338367733
4.391349085702184,7.355187017545792,28.88305050759618,136.62495193423337
3.769444294249076,8.282595050578541,2.268151218502523,42.177218296769674
4.626797856696064,16.550757911337485,10.97042244784114,93.69766311183338
3.0137787416414206,14.672287611228041,6.761438040202975,80.88873395519971
7.476093801762511,15.386097872826795,5.874992524028101,84.13815774590779
5.027203900924792,0.22062528857294428,4.224088466780282,29.710687394810133
2.322126951468173,8.32307996359523,18.6724092469799,99.98371597869281
8.995745732745684,9.626883032706473,23.439655672419153,147.02808791157616
3.8389122137321143,0.38384553646113373,17.34895198261082,83.43379228758516
5.435528611139886,5.196264174900684,4.40888128764629,47.013096412626425
9.06472110964547,15.2057964624427,24.33371309800413,160.43409776431835
6.242379959139921,2.742194114579981,19.078641214911855,99.92519354814286
1.1689804070836407,10.706202629051834,11.644971183809865,77.5019905966255
9.398321236134752,4.30403744034475,20.22390886608189,116.88216855273487
6.277080530714178,0.24241549287786546,7.797149377284986,52.7174095208215
3.3490561465708613,4.82402915199083,10.355766254826316,67.94631756831541
1.3927207266338726,19.517475098201075,27.524575293959707,167.78815557467274
7.9402518927029595,16.03074223765979,8.715135170142611,100.64035776532124
6.200727559285135,19.191532886420667,14.099648044738098,119.90893823799142
5.334610919763215,9.75708087852725,26.70423412188044,149.61935251850832
8.938925830509577,2.19472397355007,21.231640508025823,111.64160267808535
7.885972112245307,10.95918977947386,1.8660967849410826,46.764819005015696
1.5167487973275118,9.087546691199218,4.4190913283691104,42.163583762167306
3.1172206779554825,16.88714165479232,0.23524772315750453,56.42116272919911
2.4848913981446574,1.9616516156848918,18.927653706874903,85.06105373513948
7.43946292572677,9.764822740435564,13.43020276231255,91.8468204449164
0.3353243473577938,3.000973293879685,4.028245527068266,27.731444331388627
5.698896848713165,6.493518537801199,28.738023631703115,147.08781188234494
7.624586857406905,14.747141547755993,15.889791718368597,122.07841957166357
8.767656367617494,9.520362587375331,7.256798823386675,71.34463829011587
3.4208174871590744,7.517765702915387,15.018107134641227,94.71089625371204
8.212573046720129,7.889525571400706,20.388609982053232,129.92519830129677
1.1063173695520723,9.188935368119733,2.2871765392069343,36.51033958105839
8.464522917345182,15.700330876741138,8.24111445143676,93.93366168488672
1.2748866233198242,17.84169377880469,24.20896472651981,155.36675181619293
3.9728729056036727,19.106693730078565,13.789946112079837,118.63546455102745
7.972953657795536,15.738067725105902,16.397314260968848,128.052381531468
1.4991742734877378,6.3081379149602546,12.984480066284078,77.55894831561591
2.2925139523264146,13.762694121730842,1.3169982792901536,41.59432294946951
7.222525683930662,8.752062481107838,4.972493394604678,67.18272401386689
7.200365365460744,5.093412440921023,13.366249162256727,83.50936732435818
6.411476328852973,16.817431588518453,6.275563962237834,86.32003754940173
6.939484444671001,0.7685269792464999,1.499370859790362,21.735862495135706
5.427244433475962,18.03523984270847,25.30948992155471,166.01031485639876
2.5179905890695276,9.229549292494683,29.435775874923475,141.8117260380924
3.4569599350391944,12.744029536165609,23.794286219902183,147.79784449545014
1.8159771680142567,13.187078444115654,25.61354765114001,145.8540084342886
9.084505613336283,17.902354814130728,7.259313909511361,103.12834195934705
5.833917947661204,12.733393643344147,28.81880926539599,169.90100273980903
4.008514167636399,12.278671695201236,5.907771133602852,63.378315667486405
4.620058036441327,1.3330408112137992,28.54289431085497,129.77817524512005
9.472833396118153,10.36816043890408,29.84457881897853,168.0902579303687
1.533514031160802,3.003380016340833,21.35168417238146,101.71775867695241
5.862298320167972,14.748675374429713,29.43431195375466,163.07173347688627
5.05888678884466,10.24443841625349,17.08619338701311,108.7003908732959
6.1145423543464785,13.604555584167066,7.78625349528271,81.1736621634052
0.18110183820840509,0.8334580120476853,13.109876569968627,57.463398745605154
8.721239089441514,1.6958403209160644,17.80682806136358,96.10753232392655
9.321182824836123,14.326467761253646,2.19244686081045,66.85342690256485
5.65133183589209,1.4416867199734673,18.670297938517383,86.7480462648939
6.966508238768922,1.425134555305172,29.435335102868837,135.39643371214206
9.224993811772958,0.242169504697749,5.703229493511829,37.50620297511044
7.072386343133986,19.1300279659896,23.7778534886515,170.8561890161034
1.5253904291426135,14.75016718918014,27.23696381338858,154.40310167714273
5.762883601668132,7.065028170041283,28.311047784606625,131.4301017552784
6.067150463828559,5.930711625753105,28.804068132163415,143.26859805046107
4.24130671302386,6.994064594916991,15.643789161644158,86.84724475315546
7.3644423562472285,15.493070623623638,29.31923723974511,170.32866646504107
9.343670147690148,13.227412221408288,22.719306214033168,143.05966862462498
9.255685129067764,3.7039113573493587,4.850143087108857,49.57071903778388
4.508393714041321,3.482186706681687,14.3070031940391,83.33456446552525
1.1323804584075525,1.9679129942679463,21.54993526116012,95.9341633135843
9.848411989623346,13.206054394026763,7.4202094745725,85.96330811853828
8.388980864459342,15.287453244434719,19.218455506466622,141.79366446394283
1.2466268120326685,5.3009285665000805,19.998014371398575,96.09264525806492
9.208418826173723,0.41889922061825624,4.880992314256977,35.7245027254144
8.698963620621283,1.643433349528547,16.952559373582687,84.36665144299403
5.188380571260721,19.35720069690061,23.14880732935823,152.2844485168976
5.912754357449293,5.908895549548405,14.966869936078258,87.4700565750596
3.9900270387013026,15.384462956762672,0.36309350328322276,56.37608441042417
0.5476163882203133,12.493271377085275,0.2711540723787653,39.17654484713706
3.3519724164590095,7.6387927930579185,10.710880319100365,70.38400984875645
8.028534485980114,4.113745243911103,27.78582205295346,134.81286261202348
0.04632023004602859,2.4277283631881286,6.860303388108263,37.858270060514336
3.334991716911442,12.300259360777332,19.030910666150614,113.10874458102442
3.9816869359094333,15.49267561275576,6.662276120799618,84.97064476250199
5.373956029379229,12.878085070822614,9.650099689786458,82.97148093573851
9.198556164127606,10.606042664983166,25.441262688044517,148.2181148886176
3.4634599436596125,0.8390244686327253,21.865843268098406,89.57344041253265
3.469532018962277,19.369775551887678,2.861978319396319,73.98929323674469
7.3750124810974835,15.97428383309149,12.861060629593009,118.99368127223137
4.522179408898071,5.856440734019294,0.875092909357934,32.692193099505545
2.2460482293998196,19.599406587177015,14.42670439809027,125.88924437283194
4.524395161326934,12.037631792726442,19.873020351032043,127.26447983463105
1.4085702037979986,11.648453164144929,3.5550787079445465,46.46446558915713
1.763869865062233,14.961463588590643,8.66654816727497,81.42437704335849
4.983677727394797,16.23539576180275,11.935098765064708,102.51294215486936
4.189254495045479,13.129572146630053,27.585930739681494,164.7638229089023
9.148459010681,2.5619149273240005,29.79765046268892,139.1893214219581
3.623938991166331,6.765350119889968,1.3473389698684757,37.401772668422026
5.805883502780435,18.561672806520995,22.830237704861762,163.08250559511472
6.322642879195303,4.492312236877039,11.151721992070296,79.87721144588335
0.13094456588333636,7.443340476750267,11.7737455868844,67.63845994640758
6.635373720167106,8.64153765888392,22.62794920041068,133.2687680165295
1.7803596686975143,8.788099793889044,27.552792964362258,151.5444497592054
9.610703174694551,12.25879164989051,28.527857835076453,167.02100425469794
1.4866272775311296,18.86151675489415,17.313677581149623,121.1373139066814
4.146241237270237,4.8138542366501,10.713634779015084,56.18853413101229
0.8534966807864386,2.4300275260183613,23.626472575763376,107.06652638698813
9.968742518459473,3.9494097971987463,7.530041497869008,52.4901293796983
5.021950103312426,17.73849800418539,16.92222086500553,129.08668241451355
5.953850173200438,12.916216253104121,10.757353845746195,95.87233042389282
0.6707647738842748,5.718135784783202,19.698932211236283,98.21754343121286
7.499604703991778,16.318938779372345,7.211967386805207,94.93111961424228
2.0990559309558576,17.22739992726872,5.7477883720447736,79.98291441090124
8.980542894407137,16.930286773805562,27.547172600263114,185.33496557785037
2.0513964048200717,18.37853067279109,3.0541104884861072,66.69324487826387
1.9068772066366657,5.044820403467232,15.17873723204795,76.27818885957417
0.3654966784809488,15.100838574925566,6.625583488890268,68.67254581094554
4.720669451099992,9.2107899454828,1.1678988997700235,45.89626339704152
5.648411332626164,16.83997105780123,1.0805645487427917,70.6409869756025
0.6570863942835237,14.569813543232264,5.25665316317482,68.30635266755566
7.755276166950106,15.528948929994492,26.003110635180008,172.02730999905336
4.532888347480276,13.12323675362143,8.4743623193108,76.44273189618613
5.243902693275801,3.5485753893941374,28.51377511725887,143.52475258152518
4.407627469382281,10.900538377938766,17.448668789675807,118.92773833984538
4.00763060875326,19.693394790490164,13.098425693062982,123.16725834745768
5.596403313082179,18.747761329942378,17.402665040083637,145.95574532018134
1.552402459307125,0.8634747159402334,15.500951556788033,59.41591925519822
1.8192813049527112,3.2962963145887425,22.763287612719754,101.95836132323741
8.617856210135173,2.634575469091238,8.474881979185568,55.362449440876574
9.461154621336327,14.51959819970591,10.591511748009072,108.4545474526134
3.7330931627975295,16.3557065971389,26.82282907599752,158.5739187229911
2.707446731435538,4.270227326213439,28.393695394512164,135.58783276624746
6.439995432390157,10.11705385903658,26.776746824594234,157.19082046025056
4.087341710980964,16.814060560224,12.583439818719407,112.42663887793155
0.2538635566034486,14.656030895325012,23.41096509020645,139.53843527831523
1.5615259736619036,10.844744109836967,14.290071999032964,87.87820556846283
7.159722288473976,11.806953809175457,14.926195564383066,105.21083343137977
6.589239419101514,10.1672109383256,6.140403271718519,74.48981926653722
0.2709599250348349,5.950969026376411,17.733909097755493,93.22720833974753
2.219721619329494,11.300439857180322,5.584076932600438,60.481972943713984
2.310747965880714,13.777706041001814,9.946940972015813,83.65283021400067
6.718927435987284,17.466458317216155,25.650906048598053,158.31181465245837
0.19710537754364155,12.725827079584962,6.212274276325656,58.066527005722605
1.0410858198457384,15.22243074086316,2.134748555202984,65.8455535187915
7.999160853731894,3.20143269909146,2.0702277783844893,27.48125306326379
1.7854466205433361,9.231149488395797,28.223535615093237,145.1058832727524
6.527461078518747,0.18663239654186592,15.207613138855038,79.48249176805925
2.381827810467265,4.93357729043246,12.28236215451055,62.41922277026264
0.9944139275934516,14.529234302260097,24.326357430237554,143.80551285682282
2.4317219099945406,19.83619902698727,25.07477783731548,169.36072993776608
7.2226693185565916,1.9835619917443181,9.965730993468139,60.32144519575495
8.556964681062858,8.029886317225765,20.808541724213857,138.77977048899228
8.302198645669916,16.00141937398319,23.1336844755566,148.8003970211248
3.9718352961845484,4.080712692577977,19.639520605978635,104.03753374343697
6.680851365706461,11.101698986045726,4.547852244002981,63.99419997857971
2.0498429541582097,14.661425920593496,26.276492505511712,157.04953446632715
2.9314773026101326,12.319709005203581,16.17283658208026,109.71996370764829
8.963358185211197,3.7604946923083227,8.474172791100111,59.43911062619782
0.13001923510736035,7.107691373714788,12.756845563130817,73.75547680617905
0.8550853085446808,15.675835689707945,1.1271327119672214,43.956701277090644
2.078862551460273,11.084530282640333,3.8360040366725268,55.771569600388624
0.26532203873819715,0.10459227085825473,22.966402515475824,94.20082328190708
1.8143543508979731,15.219815200561877,0.0003490426609842334,52.48285131734102
5.830415609696922,0.7062270988047814,12.496974854468766,69.058003559119
4.214245505924979,14.914675654624643,15.675305432567653,117.71183890704305
8.926717110769749,4.049611203304748,1.6390326000291688,37.298845330561804
8.17443561738441,19.161469602387605,29.192344889169984,186.19731791530512
3.4181735169787597,7.35881502604169,6.783759937490158,52.48672804379797
2.594234334312925,6.538632326761582,9.125961589088426,67.24188510615096
3.7969240816726693,2.9777610066488935,9.11827536765082,60.18190968242519
5.902949425148077,6.112084309804297,6.912499863520497,56.60159905223076
2.6806364082287626,17.53301523656401,0.04421466258934248,58.3671909127733
6.24148907849134,19.926686752544946,21.88034382263989,155.26134183020827
4.0941165219124045,7.366190610136966,29.00536499397856,152.17204907648718
5.520471808519803,8.97221261909085,6.7288044985513515,68.19988358697647
4.361265291353167,14.441418764054742,19.891415754102674,141.3185370736
2.9446575954191765,17.72391560930149,22.256889808761454,143.69700586788994
9.484533069621566,11.860886683735682,25.45276137271574,154.47273218622206
7.636057941597608,7.830513963556587,12.678875910408273,90.63639102812593
1.4011317576645255,8.252436816972475,9.087927169212877,67.14373033172684
8.684679758979128,13.912362929936137,9.758854020690933,97.06352620279223
4.874311982495136,0.06436527208557363,21.378639992955385,91.09147430080003
8.945522268940914,12.391786749196815,24.50338399516908,157.48697841076643
7.998552559473152,7.109860208827148,5.44841903269808,62.72603868894798
4.252135044692334,15.883946625541686,11.128230244732956,96.08766044212292
0.22469308320117398,1.8598127964626432,27.0582059024745,121.03886217121577
2.686773593849461,11.76404533896781,24.200805590842176,143.31989911395405
5.416342146608669,9.619457797722475,29.545752082874273,158.54554850412083
6.334782198261473,12.846510518104548,22.627447790462423,142.11687642456647
2.578876854332023,1.297071889659367,11.795856030837669,59.00268235657236
1.3935607407282413,11.599675748562625,17.719135019839133,104.1541734552196
8.34930236799299,11.229691759190475,19.83042762741961,129.85954791905624
9.84402180703552,11.213201888323418,2.3536744895137183,51.98042951405027
5.256901823026858,12.069753331929096,16.334908773115952,116.44497696181949
1.716792858483035,13.529358744527244,21.279624854178287,121.33269525505166
2.7230732651936895,16.099779993615396,5.019639120031812,81.34114213350581
0.18390676547466733,5.396414402564287,23.418951522766715,108.58226235987681
9.14298806560499,16.500988203601242,17.51318341542335,136.7833394940512
1.1775108289014113,9.965113645269073,28.56665357092784,143.37830734689888
5.765164755142536,1.5411655826866233,1.2726689462067509,19.804307673561564
2.74055220687206,1.171018584879584,7.959784126664009,47.92595340077909
5.541780025157934,6.6847663739212155,18.04661637899472,90.885281405383
6.514203883518642,15.697939542229351,8.896797366177921,102.09424278887796
8.297418037072017,14.153618694818315,21.432724922137265,146.47670925265658
2.064212717606032,15.772299293448128,22.77015847565793,136.4908489789021
0.10995828658480478,10.345381128832187,3.0754789219942333,38.181413682396915
1.3688563006880727,8.80397995910981,15.415633926203032,99.19415331955872
9.00018641848105,2.949050534125679,15.266716667731677,83.18685671055219
8.738900775625153,6.5638550721862305,11.078423106466232,75.71630664069413
5.974131021703083,8.680387323477506,27.987745877090163,155.626980234023
6.005168604336534,1.7720085935923446,24.825189596196637,118.31988575566622
6.650366745462555,4.412239054224225,20.916281457289102,105.5129486000722
1.753712786234496,11.964505881274777,21.429799072049928,126.20326438151614
9.144119459249598,14.713262284783797,13.851484314393574,112.7051996122235
4.187705248920731,19.966950227858995,27.629835632897276,184.2997107051206
3.8313852824949746,18.662266626871155,20.837862817598563,152.30787654036334
5.189177052828375,12.85130399070383,21.869431849674495,139.07002447057596
0.46965966775055046,8.42496106588144,25.85072711362036,131.42541629386193
1.662833687560794,12.723547294164653,8.22214768026573,83.19084060301535
7.380336164263705,15.71303236160464,24.21212711600109,158.7467095142868
0.8279866792512647,2.3667238184677464,5.857218088694761,26.27564654158081
6.031521094663882,8.198097793925765,10.360258567346635,80.34573940465313
2.4534910968132095,16.796045712712345,10.06831362809528,105.99860909183016
3.8929561404197655,7.67665903866088,29.355764051674218,143.16514813758977
2.8869373677069987,11.43744542454373,25.696116712437806,141.06336402532648
3.5567271646494913,11.755387217243964,21.035095847707794,128.6022295623693
7.1904590518424545,3.689525062672787,21.811702848461703,112.42678044052138
2.9712171562317504,7.244708833045768,16.862183832077132,90.21377823802277
5.664046402968972,6.690225774838643,28.412720013255573,150.6589394646285
4.760504021990997,0.5239341706412959,14.887762586470846,82.24406451187556
6.636711653626481,0.4838352778271049,11.415531296096836,61.36771162024115
9.36829739324758,16.63394087351547,4.89106010794773,83.6823163901525
7.325720972102503,5.461416199456249,23.58616956783174,117.63556618863333
2.149403785907568,10.36157532477631,22.033317962267745,124.80668530132095
0.3118313506128467,5.974511471775461,11.530651155724046,70.18918845602956
2.622640442998251,18.81358490230681,0.7558024187768808,67.08508400050137
5.9507793070025485,5.185935177315475,25.169919831540323,128.12702426751852
0.5142581348425035,8.593136254778702,0.342539503622209,25.23172478956342
4.963662472012364,17.454605009692038,21.110993388871528,141.2742953649965
5.968428489168892,16.838671335836175,29.10771329178171,183.05748078459754
3.3424389081696084,3.7220283569255463,13.129839844446105,74.9391803718282
7.7091220374582194,16.05286619591421,7.049202149878583,84.04500232871973
1.065982531337718,9.163737734757852,21.14613030130145,122.15689436305821
0.7513778173580876,9.659377441707104,24.513844260467554,131.4066211061777
7.281887562036033,2.6695994483188756,16.39290948233542,95.14218462409934
4.954913162061985,1.612030275142493,29.011058257684386,124.07951143786343
6.88402396427736,14.558786139475304,1.550061649738833,56.81553216885877
4.348273386037462,9.929223047105996,15.143867949135844,98.31484116109982
2.464020332391068,8.737014052303591,21.553618419676503,119.8674786348749
8.191023176741997,14.590164573047934,25.87921413447537,172.6512007251641
7.994158789689792,15.310257979822195,5.377668357233701,86.96015951685662
6.946964708544268,3.1781633533870712,24.000104452910442,118.21543090483135
2.7214513722996267,12.204502989552825,16.581212271556357,103.2494147611537
5.902306668690871,2.7070816455537106,11.896610459698897,73.6623029764342
3.6097389694002677,15.027501720580913,3.951450857372807,63.28425940128093
0.9158207332663415,13.13910312534279,25.958872767267373,153.22678468549213
9.173135754622429,19.13229242166916,4.718196245391461,93.19401050778563
1.368186309189614,1.3791603271284236,9.293635776272977,52.00130706794566
9.502373538208024,1.1410944230250863,8.701365958873106,60.62815063128012
4.460057729579558,5.6437414938640025,26.14242102572563,129.73604659644133
